{
    "loss": 0.1645943820476532,
    "accuracy": 0.9379844665527344
}