{
    "loss": 0.26115503907203674,
    "accuracy": 0.8930232524871826
}